okrug_slug,neighbor_okrug_slug,rank,kind,notes
cao,zao,1,border,
cao,yuao,2,border,
cao,sao,3,border,
cao,yuvao,4,border,
sao,svao,1,border,
sao,szao,2,border,
sao,cao,3,border,
svao,sao,1,border,
svao,vao,2,border,
svao,cao,3,border,
vao,svao,1,border,
vao,yuvao,2,border,
vao,cao,3,border,
yuvao,vao,1,border,
yuvao,yuao,2,border,
yuvao,cao,3,border,
yuao,yuvao,1,border,
yuao,yuzao,2,border,
yuao,cao,3,border,
yuao,nao,4,border,
yuzao,yuao,1,border,
yuzao,zao,2,border,
yuzao,cao,3,border,
yuzao,nao,4,border,
zao,szao,1,border,
zao,yuzao,2,border,
zao,cao,3,border,
zao,nao,4,border,
szao,sao,1,border,
szao,zao,2,border,
szao,cao,3,border,
zelao,szao,1,practical,ЗелАО — анклав без общей границы; для перелинковки оставлена одна связанная страница СЗАО.
nao,yuao,1,border,
nao,yuzao,2,border,
nao,zao,3,border,
nao,tao,4,border,
tao,nao,1,border,
