metro_name,metro_slug,okrug_name,okrug_slug,canonical_okrug,notes
Аэропорт,aeroport,САО,sao,САО,
Александровский сад,aleksandrovskij-sad,ЦАО,cao,ЦАО,
Алексеевская,alekseevskaya,СВАО,svao,СВАО,
Алма-Атинская,alma-atinskaya,ЮАО,yuao,ЮАО,
Алтуфьево,altufevo,СВАО,svao,СВАО,
Андроновка,andronovka,ЮВАО,yuvao,ЮВАО,Граница Лефортово/Нижегородский (ЮВАО) и Перово (ВАО). Канонический округ для перелинковки — ЮВАО. Второй URL не создаётся.
Аннино,annino,ЮАО,yuao,ЮАО,
Арбатская,arbatskaya,ЦАО,cao,ЦАО,
Авиамоторная,aviamotornaya,ЮВАО,yuvao,ЮВАО,
Автозаводская,avtozavodskaya,ЮАО,yuao,ЮАО,"Даниловский район относится к ЮАО, не к ЦАО."
Бабушкинская,babushkinskaya,СВАО,svao,СВАО,
Багратионовская,bagrationovskaya,ЗАО,zao,ЗАО,
Балтийская,baltijskaya,САО,sao,САО,"Станция МЦК у Войковского (САО), рядом граница с Покровским-Стрешневом (СЗАО). Канонический округ — САО."
Баррикадная,barrikadnaya,ЦАО,cao,ЦАО,
Бауманская,baumanskaya,ЦАО,cao,ЦАО,
Беговая,begovaya,САО,sao,САО,
Белокаменная,belokamennaya,ВАО,vao,ВАО,
Белорусская,belorusskaya,ЦАО,cao,ЦАО,
Беляево,belyaevo,ЮЗАО,yuzao,ЮЗАО,
Бибирево,bibirevo,СВАО,svao,СВАО,
Библиотека имени Ленина,biblioteka-imeni-lenina,ЦАО,cao,ЦАО,
Битцевский парк,bitcevskij-park,ЮЗАО,yuzao,ЮЗАО,
Борисово,borisovo,ЮВАО,yuvao,ЮВАО,
Боровицкая,borovickaya,ЦАО,cao,ЦАО,
Ботанический сад,botanicheskij-sad,СВАО,svao,СВАО,
Братиславская,bratislavskaya,ЮВАО,yuvao,ЮВАО,
Бульвар Адмирала Ушакова,bulvar-admirala-ushakova,ЮЗАО,yuzao,ЮЗАО,
Бульвар Рокоссовского,bulvar-rokossovskogo,ВАО,vao,ВАО,
Бунинская аллея,buninskaya-alleya,ЮЗАО,yuzao,ЮЗАО,
Бутырская,butyrskaya,САО,sao,САО,
Чеховская,chehovskaya,ЦАО,cao,ЦАО,
Черкизовская,cherkizovskaya,ВАО,vao,ВАО,
Чертановская,chertanovskaya,ЮАО,yuao,ЮАО,
Чистые пруды,chistye-prudy,ЦАО,cao,ЦАО,
Чкаловская,chkalovskaya,ЦАО,cao,ЦАО,
Царицыно,caricyno,ЮАО,yuao,ЮАО,
ЦСКА,cska,САО,sao,САО,
Цветной бульвар,cvetnoj-bulvar,ЦАО,cao,ЦАО,
Деловой центр,delovoj-centr,ЦАО,cao,ЦАО,
Динамо,dinamo,САО,sao,САО,
Дмитровская,dmitrovskaya,САО,sao,САО,
Добрынинская,dobryninskaya,ЦАО,cao,ЦАО,
Домодедовская,domodedovskaya,ЮАО,yuao,ЮАО,
Достоевская,dostoevskaya,ЦАО,cao,ЦАО,Южнее Марьиной Рощи (СВАО). Канонический округ — ЦАО (Тверской).
Электрозаводская,elektrozavodskaya,ВАО,vao,ВАО,Граница Соколиной Горы (ВАО) и Басманного (ЦАО). Канонический округ — ВАО. Второй URL не создаётся.
Филёвский парк,filevskij-park,ЗАО,zao,ЗАО,
Фили,fili,ЗАО,zao,ЗАО,
Фонвизинская,fonvizinskaya,САО,sao,САО,
Фрунзенская,frunzenskaya,ЦАО,cao,ЦАО,
Хорошёвская,horoshevskaya,САО,sao,САО,Станция в Хорошёвском районе (САО). Не относить к СЗАО только из-за похожего названия Хорошёво-Мнёвники.
Ховрино,hovrino,САО,sao,САО,
Измайловская,izmajlovskaya,ВАО,vao,ВАО,
Каховская,kahovskaya,ЮЗАО,yuzao,ЮЗАО,
Калужская,kaluzhskaya,ЮЗАО,yuzao,ЮЗАО,
Кантемировская,kantemirovskaya,ЮАО,yuao,ЮАО,
Каширская,kashirskaya,ЮАО,yuao,ЮАО,
Киевская,kievskaya,ЗАО,zao,ЗАО,"Вестибюли у Киевского вокзала, район Дорогомилово (ЗАО). Площадь воспринимается как центр, но административно это не ЦАО."
Китай-город,kitaj-gorod,ЦАО,cao,ЦАО,
Коломенская,kolomenskaya,ЮАО,yuao,ЮАО,
Комсомольская,komsomolskaya,ЦАО,cao,ЦАО,
Коньково,konkovo,ЮЗАО,yuzao,ЮЗАО,
Коптево,koptevo,САО,sao,САО,
Котельники,kotelniki,ЮВАО,yuvao,ЮВАО,Станция на границе Выхино-Жулебино (ЮВАО) и города Котельники Московской области. Для окружной перелинковки выбран ЮВАО. Это не заменяет городскую страницу Котельников и не создаёт второй URL станции.
Кожуховская,kozhuhovskaya,ЮВАО,yuvao,ЮВАО,
Красногвардейская,krasnogvardejskaya,ЮАО,yuao,ЮАО,
Краснопресненская,krasnopresnenskaya,ЦАО,cao,ЦАО,
Красносельская,krasnoselskaya,ЦАО,cao,ЦАО,
Красные ворота,krasnye-vorota,ЦАО,cao,ЦАО,
Крестьянская застава,krestyanskaya-zastava,ЦАО,cao,ЦАО,
Кропоткинская,kropotkinskaya,ЦАО,cao,ЦАО,
Крылатское,krylatskoe,ЗАО,zao,ЗАО,
Крымская,krymskaya,ЦАО,cao,ЦАО,
Кунцевская,kuncevskaya,ЗАО,zao,ЗАО,
Курская,kurskaya,ЦАО,cao,ЦАО,
Кутузовская,kutuzovskaya,ЗАО,zao,ЗАО,
Кузьминки,kuzminki,ЮВАО,yuvao,ЮВАО,
Кузнецкий мост,kuzneckij-most,ЦАО,cao,ЦАО,
Ленинский проспект,leninskij-prospekt,ЮАО,yuao,ЮАО,"Граница Донского (ЮАО), Якиманки (ЦАО) и Гагаринского (ЮЗАО). Канонический округ — ЮАО. Второй URL не создаётся."
Лермонтовский проспект,lermontovskij-prospekt,ЮВАО,yuvao,ЮВАО,
Лесопарковая,lesoparkovaya,ЮЗАО,yuzao,ЮЗАО,
Лихоборы,lihobory,САО,sao,САО,
Локомотив,lokomotiv,ВАО,vao,ВАО,
Ломоносовский проспект,lomonosovskij-prospekt,ЗАО,zao,ЗАО,
Лубянка,lubyanka,ЦАО,cao,ЦАО,
Лужники,luzhniki,ЦАО,cao,ЦАО,
Люблино,lyublino,ЮВАО,yuvao,ЮВАО,
Марьино,marino,ЮВАО,yuvao,ЮВАО,
Марьина Роща,marina-roshcha,СВАО,svao,СВАО,
Марксистская,marksistskaya,ЦАО,cao,ЦАО,
Маяковская,mayakovskaya,ЦАО,cao,ЦАО,
Медведково,medvedkovo,СВАО,svao,СВАО,
Менделеевская,mendeleevskaya,ЦАО,cao,ЦАО,
Международная,mezhdunarodnaya,ЦАО,cao,ЦАО,
Минская,minskaya,ЗАО,zao,ЗАО,
Молодёжная,molodezhnaya,ЗАО,zao,ЗАО,
Мякинино,myakinino,СЗАО,szao,СЗАО,"Станция находится в Красногорске (Московская область), а не в округе Москвы. Для архитектурной перелинковки с округами выбран ближайший СЗАО (Строгино). Городская страница Красногорска, если она есть у услуги, этим не заменяется."
Нагатинская,nagatinskaya,ЮАО,yuao,ЮАО,
Нагорная,nagornaya,ЮАО,yuao,ЮАО,
Нахимовский проспект,nahimovskij-prospekt,ЮЗАО,yuzao,ЮЗАО,Граница Зюзино/Котловка (ЮЗАО) и Нагорного (ЮАО). Канонический округ — ЮЗАО. Второй URL не создаётся.
Нижегородская,nizhegorodskaya,ЮВАО,yuvao,ЮВАО,
Новогиреево,novogireevo,ВАО,vao,ВАО,
Новохохловская,novohohlovskaya,ЮВАО,yuvao,ЮВАО,
Новокосино,novokosino,ВАО,vao,ВАО,
Новокузнецкая,novokuzneckaya,ЦАО,cao,ЦАО,
Новослободская,novoslobodskaya,ЦАО,cao,ЦАО,
Новоясеневская,novoyasenevskaya,ЮЗАО,yuzao,ЮЗАО,
Новые Черёмушки,novye-cheremushki,ЮЗАО,yuzao,ЮЗАО,
Охотный Ряд,ohotnyj-ryad,ЦАО,cao,ЦАО,
Окружная,okruzhnaya,САО,sao,САО,
Октябрьское Поле,oktyabrskoe-pole,СЗАО,szao,СЗАО,
Октябрьская,oktyabrskaya,ЦАО,cao,ЦАО,
Орехово,orehovo,ЮАО,yuao,ЮАО,
Отрадное,otradnoe,СВАО,svao,СВАО,
Панфиловская,panfilovskaya,САО,sao,САО,
Парк культуры,park-kultury,ЦАО,cao,ЦАО,
Парк Победы,park-pobedy,ЗАО,zao,ЗАО,
Партизанская,partizanskaya,ВАО,vao,ВАО,
Павелецкая,paveleckaya,ЦАО,cao,ЦАО,
Печатники,pechatniki,ЮВАО,yuvao,ЮВАО,
Перово,perovo,ВАО,vao,ВАО,
Первомайская,pervomajskaya,ВАО,vao,ВАО,
Петровский парк,petrovskij-park,САО,sao,САО,
Петровско-Разумовская,petrovsko-razumovskaya,САО,sao,САО,
Пионерская,pionerskaya,ЗАО,zao,ЗАО,
Планерная,planernaya,СЗАО,szao,СЗАО,
Площадь Гагарина,ploshchad-gagarina,ЮЗАО,yuzao,ЮЗАО,"Площадь Гагарина на стыке Гагаринского (ЮЗАО), Донского (ЮАО) и Якиманки (ЦАО). Канонический округ — ЮЗАО. Второй URL не создаётся."
Площадь Ильича,ploshchad-ilicha,ЦАО,cao,ЦАО,Таганский район (ЦАО) у границы с Лефортово (ЮВАО). Канонический округ — ЦАО.
Площадь Революции,ploshchad-revolyucii,ЦАО,cao,ЦАО,
Полежаевская,polezhaevskaya,САО,sao,САО,
Полянка,polyanka,ЦАО,cao,ЦАО,
Пражская,prazhskaya,ЮАО,yuao,ЮАО,
Преображенская площадь,preobrazhenskaya-ploshchad,ВАО,vao,ВАО,
Профсоюзная,profsoyuznaya,ЮЗАО,yuzao,ЮЗАО,
Пролетарская,proletarskaya,ЦАО,cao,ЦАО,"Таганский район относится к ЦАО, не к ЮВАО."
Проспект Мира,prospekt-mira,ЦАО,cao,ЦАО,"Станция у Садового кольца, Мещанский район (ЦАО). Проспект продолжается в СВАО, но сама станция к СВАО не относится."
Проспект Вернадского,prospekt-vernadskogo,ЮЗАО,yuzao,ЮЗАО,"Район Проспект Вернадского относится к ЮЗАО, не к ЗАО."
Пушкинская,pushkinskaya,ЦАО,cao,ЦАО,
Пятницкое шоссе,pyatnickoe-shosse,СЗАО,szao,СЗАО,
Раменки,ramenki,ЗАО,zao,ЗАО,
Речной вокзал,rechnoj-vokzal,САО,sao,САО,
Римская,rimskaya,ЦАО,cao,ЦАО,Парная к Площади Ильича: Таганский район (ЦАО) у границы с Лефортово (ЮВАО). Канонический округ — ЦАО.
Рижская,rizhskaya,СВАО,svao,СВАО,Граница Алексеевского (СВАО) и Мещанского (ЦАО) у Рижского вокзала. Канонический округ — СВАО. Второй URL не создаётся.
Ростокино,rostokino,СВАО,svao,СВАО,
Румянцево,rumyancevo,НАО,nao,НАО,
Рязанский проспект,ryazanskij-prospekt,ЮВАО,yuvao,ЮВАО,
Саларьево,salarevo,НАО,nao,НАО,
Савёловская,savelovskaya,САО,sao,САО,
Селигерская,seligerskaya,САО,sao,САО,
Семёновская,semenovskaya,ВАО,vao,ВАО,
Серпуховская,serpuhovskaya,ЦАО,cao,ЦАО,
Севастопольская,sevastopolskaya,ЮЗАО,yuzao,ЮЗАО,Граница Зюзино (ЮЗАО) и Чертаново (ЮАО). Канонический округ — ЮЗАО. Второй URL не создаётся.
Шаболовская,shabolovskaya,ЮАО,yuao,ЮАО,"Донской район относится к ЮАО, не к ЦАО."
Шелепиха,shelepiha,ЦАО,cao,ЦАО,Пресненский район (ЦАО) у границы с Дорогомилово (ЗАО). Канонический округ — ЦАО.
Щукинская,shchukinskaya,СЗАО,szao,СЗАО,
Щёлковская,shchelkovskaya,ВАО,vao,ВАО,
Шипиловская,shipilovskaya,ЮАО,yuao,ЮАО,
Сходненская,shodnenskaya,СЗАО,szao,СЗАО,
Шоссе Энтузиастов,shosse-entuziastov,ВАО,vao,ВАО,Граница Соколиной Горы (ВАО) и Лефортово (ЮВАО). Канонический округ — ВАО. Второй URL не создаётся.
Улица Скобелевская,ulica-skobelevskaya,ЮЗАО,yuzao,ЮЗАО,
Славянский бульвар,slavyanskij-bulvar,ЗАО,zao,ЗАО,
Смоленская,smolenskaya,ЦАО,cao,ЦАО,
Сокол,sokol,САО,sao,САО,
Соколиная гора,sokolinaya-gora,ВАО,vao,ВАО,
Спартак,spartak,СЗАО,szao,СЗАО,
Спортивная,sportivnaya,ЦАО,cao,ЦАО,
Сретенский бульвар,sretenskij-bulvar,ЦАО,cao,ЦАО,
Стрешнево,streshnevo,СЗАО,szao,СЗАО,Граница Покровского-Стрешнева (СЗАО) и Сокола (САО). Канонический округ — СЗАО. Второй URL не создаётся.
Строгино,strogino,СЗАО,szao,СЗАО,
Студенческая,studencheskaya,ЗАО,zao,ЗАО,
Сухаревская,suharevskaya,ЦАО,cao,ЦАО,
Свиблово,sviblovo,СВАО,svao,СВАО,
Таганская,taganskaya,ЦАО,cao,ЦАО,
Театральная,teatralnaya,ЦАО,cao,ЦАО,
Технопарк,tehnopark,ЮАО,yuao,ЮАО,
Текстильщики,tekstilshchiki,ЮВАО,yuvao,ЮВАО,
Телецентр,telecentr,СВАО,svao,СВАО,
Тёплый Стан,teplyj-stan,ЮЗАО,yuzao,ЮЗАО,
Тимирязевская,timiryazevskaya,САО,sao,САО,
Третьяковская,tretyakovskaya,ЦАО,cao,ЦАО,
Тропарёво,troparevo,ЗАО,zao,ЗАО,
Трубная,trubnaya,ЦАО,cao,ЦАО,
Тульская,tulskaya,ЮАО,yuao,ЮАО,
Тургеневская,turgenevskaya,ЦАО,cao,ЦАО,
Тушинская,tushinskaya,СЗАО,szao,СЗАО,
Тверская,tverskaya,ЦАО,cao,ЦАО,
Угрешская,ugreshskaya,ЮВАО,yuvao,ЮВАО,
Улица 1905 года,ulica-1905-goda,ЦАО,cao,ЦАО,
Улица Академика Королёва,ulica-akademika-koroleva,СВАО,svao,СВАО,
Улица Академика Янгеля,ulica-akademika-yangelya,ЮАО,yuao,ЮАО,
Улица Горчакова,ulica-gorchakova,ЮЗАО,yuzao,ЮЗАО,
Улица Милашенкова,ulica-milashenkova,САО,sao,САО,Граница Бутырского (САО) и Марьиной Рощи/Останкинского (СВАО). Канонический округ — САО. Второй URL не создаётся.
Улица Сергея Эйзенштейна,ulica-sergeya-ejzenshtejna,СВАО,svao,СВАО,
Улица Старокачаловская,ulica-starokachalovskaya,ЮЗАО,yuzao,ЮЗАО,
Университет,universitet,ЗАО,zao,ЗАО,Раменки относятся к ЗАО. Юго-западное направление Сокольнической линии не делает станцию страницей ЮЗАО.
Варшавская,varshavskaya,ЮАО,yuao,ЮАО,Канонический округ — ЮАО (Нагорный); рядом Зюзино (ЮЗАО). Второй URL не создаётся.
ВДНХ,vdnh,СВАО,svao,СВАО,
Верхние Котлы,verhnie-kotly,ЮАО,yuao,ЮАО,Граница Нагорного (ЮАО) и Котловки (ЮЗАО). Канонический округ — ЮАО. Второй URL не создаётся.
Верхние Лихоборы,verhnie-lihobory,САО,sao,САО,
Владыкино,vladykino,СВАО,svao,СВАО,Граница Отрадного (СВАО) и Бескудниковского/Западного Дегунино (САО). Канонический округ — СВАО. Второй URL не создаётся.
Водный стадион,vodnyj-stadion,САО,sao,САО,
Войковская,vojkovskaya,САО,sao,САО,
Волгоградский проспект,volgogradskij-prospekt,ЮВАО,yuvao,ЮВАО,
Волоколамская,volokolamskaya,СЗАО,szao,СЗАО,
Волжская,volzhskaya,ЮВАО,yuvao,ЮВАО,
Воробьёвы горы,vorobevy-gory,ЗАО,zao,ЗАО,"Станция на Лужнецком метромосту, на стыке Раменок (ЗАО), Гагаринского (ЮЗАО) и Хамовников (ЦАО). Канонический округ — ЗАО. Второй URL не создаётся."
Выхино,vyhino,ЮВАО,yuvao,ЮВАО,
Выставочная,vystavochnaya,ЦАО,cao,ЦАО,
Выставочный центр,vystavochnyj-centr,СВАО,svao,СВАО,
Ясенево,yasenevo,ЮЗАО,yuzao,ЮЗАО,
Юго-Западная,yugo-zapadnaya,ЗАО,zao,ЗАО,Тропарёво-Никулино относится к ЗАО. Название станции не используется как признак ЮЗАО.
Южная,yuzhnaya,ЮАО,yuao,ЮАО,
Жулебино,zhulebino,ЮВАО,yuvao,ЮВАО,
ЗИЛ,zil,ЮАО,yuao,ЮАО,Даниловский район (ЮАО); площадка ЗИЛ граничит с Южнопортовым (ЮВАО). Канонический округ — ЮАО.
Зорге,zorge,САО,sao,САО,Граница Хорошёвского (САО) и Хорошёво-Мнёвников (СЗАО). Канонический округ — САО. Второй URL не создаётся.
Зябликово,zyablikovo,ЮАО,yuao,ЮАО,
