silo,page,url,parent,priority,status,geo_policy,notes
Наркологическая помощь,Наркологическая помощь,/uslugi/narkologicheskaya-pomosh/,/uslugi/,P0,Сделать/перенести,Нет,
Наркологическая помощь,Консультация нарколога,/uslugi/narkologicheskaya-pomosh/konsultaciya-narkologa/,/uslugi/narkologicheskaya-pomosh/,P0,Сделать/перенести,Нет,
Наркологическая помощь,Приём психиатра-нарколога,/uslugi/narkologicheskaya-pomosh/psihiatr-narkolog/,/uslugi/narkologicheskaya-pomosh/,P1,Сделать/перенести,Нет,
Наркологическая помощь,Онлайн-консультация психиатра-нарколога,/uslugi/narkologicheskaya-pomosh/onlajn-konsultaciya/,/uslugi/narkologicheskaya-pomosh/,P1,Сделать/перенести,Нет,
Наркологическая помощь,Наркологический стационар,/uslugi/narkologicheskaya-pomosh/stacionar/,/uslugi/narkologicheskaya-pomosh/,P0,Сделать/перенести,Нет,
Наркологическая помощь,Госпитализация в стационар,/uslugi/narkologicheskaya-pomosh/gospitalizaciya/,/uslugi/narkologicheskaya-pomosh/,P1,Сделать/перенести,Нет,
Наркологическая помощь,Частный вытрезвитель,/uslugi/narkologicheskaya-pomosh/chastnyj-vytrezvitel/,/uslugi/narkologicheskaya-pomosh/,P1,Сделать/перенести,Нет,
Наркологическая помощь,Срочная наркологическая помощь,/uslugi/narkologicheskaya-pomosh/srochnaya-pomosh/,/uslugi/narkologicheskaya-pomosh/,P1,Сделать/перенести,Нет,Не использовать юридически нагруженное «скорая» без подтверждения лицензии/статуса.
Нарколог на дом,Нарколог на дом,/uslugi/narkolog-na-dom/,/uslugi/,P0,Сделать/перенести,Массовое ГЕО: метро + округа + 50 городов МО,"Самостоятельная пользовательская задача: выезд нарколога. Это не формат хаба «Наркологическая помощь» и не дубль вывода из запоя, капельницы или кодирования. Эта страница — родитель станций метро и округов Москвы. Отдельная страница Москвы не создаётся. Города Московской области стоят под moskovskaya-oblast."
Нарколог на дом,Нарколог на дом — Московская область,/uslugi/narkolog-na-dom/moskovskaya-oblast/,/uslugi/narkolog-na-dom/,P0,Сделать/перенести,Хаб ГЕО: Московская область,Индексируемый GEO-хаб. Родитель городов Московской области. Станции метро и округа Москвы сюда не входят.
Вывод из запоя,Вывод из запоя,/uslugi/vyvod-iz-zapoya/,/uslugi/,P0,Сделать/перенести,Нет,"Самостоятельная острая задача, а не сегмент лечения алкоголизма. Форматы на дому и в стационаре остаются дочерними."
Вывод из запоя,Вывод из запоя на дому,/uslugi/vyvod-iz-zapoya/na-domu/,/uslugi/vyvod-iz-zapoya/,P0,Сделать/перенести,Массовое ГЕО: метро + округа + 50 городов МО,Эта страница — родитель станций метро и округов Москвы. Отдельная страница Москвы не создаётся. Города Московской области стоят под moskovskaya-oblast.
Вывод из запоя,Вывод из запоя на дому — Московская область,/uslugi/vyvod-iz-zapoya/na-domu/moskovskaya-oblast/,/uslugi/vyvod-iz-zapoya/na-domu/,P0,Сделать/перенести,Хаб ГЕО: Московская область,Индексируемый GEO-хаб. Родитель городов Московской области. Станции метро и округа Москвы сюда не входят.
Вывод из запоя,Вывод из запоя в стационаре,/uslugi/vyvod-iz-zapoya/v-stacionare/,/uslugi/vyvod-iz-zapoya/,P0,Сделать/перенести,Нет,
Вывод из запоя,Вывод из запоя + дальнейшее лечение,/uslugi/vyvod-iz-zapoya/s-dalnejshim-lecheniem/,/uslugi/vyvod-iz-zapoya/,P1,Сделать/перенести,Нет,
Капельницы и детокс,Капельницы и детокс,/uslugi/kapelnitsy/,/uslugi/,P0,Сделать/перенести,Нет,"Самостоятельная задача детокса и капельницы. Алкогольная детоксикация, похмелье и абстинентный синдром остаются внутри этого SILO. Детоксикация от наркотиков не переносится, чтобы не дублировать SILO."
Капельницы и детокс,Капельница от запоя и алкоголя на дому,/uslugi/kapelnitsy/ot-zapoya-i-alkogolya/,/uslugi/kapelnitsy/,P0,Сделать/перенести,Массовое ГЕО: метро + округа + 50 городов МО,"Объединяет «от запоя», «от алкоголя» и «на дому»; 301 с /kapelnica-na-domu/, /kapelnica-ot-zapoya/, /kapelnica-ot-alkogolya/, /kapelnicy-i-detoks/kapelnica-na-domu/, /kapelnicy-i-detoks/kapelnica-ot-zapoya/, /kapelnicy-i-detoks/kapelnica-ot-alkogolya/. Эта страница — родитель станций метро и округов Москвы. Отдельная страница Москвы не создаётся. Города Московской области стоят под moskovskaya-oblast."
Капельницы и детокс,Капельница от запоя и алкоголя на дому — Московская область,/uslugi/kapelnitsy/ot-zapoya-i-alkogolya/moskovskaya-oblast/,/uslugi/kapelnitsy/ot-zapoya-i-alkogolya/,P0,Сделать/перенести,Хаб ГЕО: Московская область,Индексируемый GEO-хаб. Родитель городов Московской области. Станции метро и округа Москвы сюда не входят.
Капельницы и детокс,Капельница от похмелья,/uslugi/kapelnitsy/ot-pohmelya/,/uslugi/kapelnitsy/,P0,Сделать/перенести,Нет отдельной ГЕО-матрицы,
Капельницы и детокс,Алкогольная детоксикация,/uslugi/kapelnitsy/detoksikaciya/,/uslugi/kapelnitsy/,P1,Сделать/перенести,Нет,
Капельницы и детокс,Алкогольная интоксикация,/uslugi/kapelnitsy/alkogolnaya-intoksikaciya/,/uslugi/kapelnitsy/,P1,Сделать/перенести,Нет,
Капельницы и детокс,Алкогольный абстинентный синдром,/uslugi/kapelnitsy/abstinentnyj-sindrom/,/uslugi/kapelnitsy/,P1,Сделать/перенести,Нет,
Кодирование,Кодирование от алкоголизма,/uslugi/kodirovanie/,/uslugi/,P0,Сделать/перенести,Массовое ГЕО только для общего кодирования: метро + округа + 50 городов МО,"Самостоятельная коммерческая задача. Методы, препараты и раскодирование остаются дочерними. ГЕО только у общего хаба кодирования. Эта страница — родитель станций метро и округов Москвы. Отдельная страница Москвы не создаётся. Города Московской области стоят под moskovskaya-oblast."
Кодирование,Кодирование от алкоголизма — Московская область,/uslugi/kodirovanie/moskovskaya-oblast/,/uslugi/kodirovanie/,P0,Сделать/перенести,Хаб ГЕО: Московская область,Индексируемый GEO-хаб. Родитель городов Московской области. Станции метро и округа Москвы сюда не входят.
Кодирование,Кодирование на дому,/uslugi/kodirovanie/na-domu/,/uslugi/kodirovanie/,P0,Сделать/перенести,Нет,
Кодирование,Кодирование в клинике,/uslugi/kodirovanie/v-klinike/,/uslugi/kodirovanie/,P1,Сделать/перенести,Нет,
Кодирование,Медикаментозное кодирование,/uslugi/kodirovanie/medikamentoznoe/,/uslugi/kodirovanie/,P0,Сделать/перенести,Нет,
Кодирование,Кодирование по методу Довженко,/uslugi/kodirovanie/metod-dovzhenko/,/uslugi/kodirovanie/,P0,Сделать/перенести,Нет,
Кодирование,Кодирование гипнозом,/uslugi/kodirovanie/gipnoz/,/uslugi/kodirovanie/,P0,Сделать/перенести,Нет,
Кодирование,Кодирование уколом,/uslugi/kodirovanie/ukol/,/uslugi/kodirovanie/,P0,Сделать/перенести,Нет,
Кодирование,Вшивание / подшивка,/uslugi/kodirovanie/vshivanie/,/uslugi/kodirovanie/,P0,Сделать/перенести,Нет,
Кодирование,Двойной блок,/uslugi/kodirovanie/dvojnoj-blok/,/uslugi/kodirovanie/,P0,Сделать/перенести,Нет,
Кодирование,Кодирование с провокацией,/uslugi/kodirovanie/s-provokaciej/,/uslugi/kodirovanie/,P1,Сделать/перенести,Нет,
Кодирование,Препараты для кодирования,/uslugi/kodirovanie/preparaty/,/uslugi/kodirovanie/,P1,Сделать/перенести,Нет,
Кодирование,Кодирование: Эспераль,/uslugi/kodirovanie/preparaty/esperal/,/uslugi/kodirovanie/preparaty/,P1,Сделать/перенести,Нет,Публиковать только если метод/препарат реально используется клиникой; не размножать по ГЕО. Парная перелинковка с /uslugi/kodirovanie/raskodirovanie/esperal/.
Кодирование,Кодирование: Аквилонг,/uslugi/kodirovanie/preparaty/akvilong/,/uslugi/kodirovanie/preparaty/,P1,Сделать/перенести,Нет,Публиковать только если метод/препарат реально используется клиникой; не размножать по ГЕО. Парная перелинковка с /uslugi/kodirovanie/raskodirovanie/akvilong/.
Кодирование,Кодирование: Алгоминал,/uslugi/kodirovanie/preparaty/algominal/,/uslugi/kodirovanie/preparaty/,P1,Сделать/перенести,Нет,Публиковать только если метод/препарат реально используется клиникой; не размножать по ГЕО. Парная перелинковка с /uslugi/kodirovanie/raskodirovanie/algominal/.
Кодирование,Кодирование: Дисульфирам,/uslugi/kodirovanie/preparaty/disulfiram/,/uslugi/kodirovanie/preparaty/,P1,Сделать/перенести,Нет,Публиковать только если метод/препарат реально используется клиникой; не размножать по ГЕО. Парная перелинковка с /uslugi/kodirovanie/raskodirovanie/disulfiram/.
Кодирование,Кодирование: Налтрексон,/uslugi/kodirovanie/preparaty/naltrekson/,/uslugi/kodirovanie/preparaty/,P1,Сделать/перенести,Нет,Публиковать только если метод/препарат реально используется клиникой; не размножать по ГЕО. Парная перелинковка с /uslugi/kodirovanie/raskodirovanie/naltrekson/.
Кодирование,Кодирование: Вивитрол,/uslugi/kodirovanie/preparaty/vivitrol/,/uslugi/kodirovanie/preparaty/,P1,Сделать/перенести,Нет,Публиковать только если метод/препарат реально используется клиникой; не размножать по ГЕО. Парная перелинковка с /uslugi/kodirovanie/raskodirovanie/vivitrol/.
Кодирование,Кодирование: Торпедо,/uslugi/kodirovanie/preparaty/torpedo/,/uslugi/kodirovanie/preparaty/,P1,Сделать/перенести,Нет,Публиковать только если метод/препарат реально используется клиникой; не размножать по ГЕО. Парная перелинковка с /uslugi/kodirovanie/raskodirovanie/torpedo/.
Кодирование,Раскодирование,/uslugi/kodirovanie/raskodirovanie/,/uslugi/kodirovanie/,P1,Сделать/перенести,Нет,
Кодирование,Раскодирование от Эспераль,/uslugi/kodirovanie/raskodirovanie/esperal/,/uslugi/kodirovanie/raskodirovanie/,P1,Сделать/перенести,Нет,Публиковать только если препарат реально используется клиникой; не размножать по ГЕО. Парная перелинковка с /uslugi/kodirovanie/preparaty/esperal/.
Кодирование,Раскодирование от Аквилонг,/uslugi/kodirovanie/raskodirovanie/akvilong/,/uslugi/kodirovanie/raskodirovanie/,P1,Сделать/перенести,Нет,Публиковать только если препарат реально используется клиникой; не размножать по ГЕО. Парная перелинковка с /uslugi/kodirovanie/preparaty/akvilong/.
Кодирование,Раскодирование от Алгоминал,/uslugi/kodirovanie/raskodirovanie/algominal/,/uslugi/kodirovanie/raskodirovanie/,P1,Сделать/перенести,Нет,Публиковать только если препарат реально используется клиникой; не размножать по ГЕО. Парная перелинковка с /uslugi/kodirovanie/preparaty/algominal/.
Кодирование,Раскодирование от Дисульфирам,/uslugi/kodirovanie/raskodirovanie/disulfiram/,/uslugi/kodirovanie/raskodirovanie/,P1,Сделать/перенести,Нет,Публиковать только если препарат реально используется клиникой; не размножать по ГЕО. Парная перелинковка с /uslugi/kodirovanie/preparaty/disulfiram/.
Кодирование,Раскодирование от Налтрексон,/uslugi/kodirovanie/raskodirovanie/naltrekson/,/uslugi/kodirovanie/raskodirovanie/,P1,Сделать/перенести,Нет,Публиковать только если препарат реально используется клиникой; не размножать по ГЕО. Парная перелинковка с /uslugi/kodirovanie/preparaty/naltrekson/.
Кодирование,Раскодирование от Вивитрол,/uslugi/kodirovanie/raskodirovanie/vivitrol/,/uslugi/kodirovanie/raskodirovanie/,P1,Сделать/перенести,Нет,Публиковать только если препарат реально используется клиникой; не размножать по ГЕО. Парная перелинковка с /uslugi/kodirovanie/preparaty/vivitrol/.
Кодирование,Раскодирование от Торпедо,/uslugi/kodirovanie/raskodirovanie/torpedo/,/uslugi/kodirovanie/raskodirovanie/,P1,Сделать/перенести,Нет,Публиковать только если препарат реально используется клиникой; не размножать по ГЕО. Парная перелинковка с /uslugi/kodirovanie/preparaty/torpedo/.
Лечение алкоголизма,Лечение алкоголизма,/uslugi/lechenie-alkogolizma/,/uslugi/,P0,Сделать/перенести,Нет,
Лечение алкоголизма,Лечение алкоголизма на дому,/uslugi/lechenie-alkogolizma/na-domu/,/uslugi/lechenie-alkogolizma/,P1,Сделать/перенести,30 городов МО,
Лечение алкоголизма,Лечение алкоголизма на дому — Московская область,/uslugi/lechenie-alkogolizma/na-domu/moskovskaya-oblast/,/uslugi/lechenie-alkogolizma/na-domu/,P1,Сделать/перенести,Хаб ГЕО: Московская область,Индексируемый GEO-хаб. Родитель городов Московской области. Станции метро и округа Москвы сюда не входят. Только 30 городов tier-1.
Лечение алкоголизма,Лечение алкоголизма в стационаре,/uslugi/lechenie-alkogolizma/v-stacionare/,/uslugi/lechenie-alkogolizma/,P0,Сделать/перенести,Нет,
Лечение алкоголизма,Амбулаторное лечение алкоголизма,/uslugi/lechenie-alkogolizma/ambulatorno/,/uslugi/lechenie-alkogolizma/,P0,Сделать/перенести,Нет,
Лечение алкоголизма,Лечение женского алкоголизма,/uslugi/lechenie-alkogolizma/zhenskij-alkogolizm/,/uslugi/lechenie-alkogolizma/,P0,Сделать/перенести,Нет,
Лечение алкоголизма,Лечение мужского алкоголизма,/uslugi/lechenie-alkogolizma/muzhskoj-alkogolizm/,/uslugi/lechenie-alkogolizma/,P1,Сделать/перенести,Нет,
Лечение алкоголизма,Лечение пивного алкоголизма,/uslugi/lechenie-alkogolizma/pivnoj-alkogolizm/,/uslugi/lechenie-alkogolizma/,P0,Сделать/перенести,Нет,
Лечение алкоголизма,Лечение хронического алкоголизма,/uslugi/lechenie-alkogolizma/hronicheskij-alkogolizm/,/uslugi/lechenie-alkogolizma/,P1,Сделать/перенести,Нет,
Лечение алкоголизма,Лечение алкоголизма у пожилых,/uslugi/lechenie-alkogolizma/u-pozhilyh/,/uslugi/lechenie-alkogolizma/,P1,Сделать/перенести,Нет,
Лечение алкоголизма,Лечение алкоголизма без кодирования,/uslugi/lechenie-alkogolizma/bez-kodirovaniya/,/uslugi/lechenie-alkogolizma/,P1,Сделать/перенести,Нет,
Лечение алкоголизма,Лечение подросткового алкоголизма,/uslugi/lechenie-alkogolizma/podrostkovyj/,/uslugi/lechenie-alkogolizma/,P2,После подтверждения,Нет,Только если клиника реально работает с несовершеннолетними и это покрыто лицензией/штатом.
Лечение алкоголизма,Помощь при алкогольном делирии,/uslugi/lechenie-alkogolizma/alkogolnyj-delirij/,/uslugi/lechenie-alkogolizma/,P2,После медицинской проверки,Нет,Высокорисковая медицинская тема; не обещать домашнее лечение.
Снятие ломки,Снятие ломки,/uslugi/snyatie-lomki/,/uslugi/,P0,Сделать/перенести,Нет,"Самостоятельная острая задача, аналог вывода из запоя. Форматы на дому и в стационаре остаются дочерними. УБОД остаётся внутри детоксикации от наркотиков. Отдельная ГЕО-матрица не создаётся."
Снятие ломки,Снятие ломки на дому,/uslugi/snyatie-lomki/na-domu/,/uslugi/snyatie-lomki/,P1,Сделать/перенести,Нет,
Снятие ломки,Снятие ломки в стационаре,/uslugi/snyatie-lomki/v-stacionare/,/uslugi/snyatie-lomki/,P0,Сделать/перенести,Нет,
Лечение наркомании,Лечение наркомании,/uslugi/lechenie-narkomanii/,/uslugi/,P0,Сделать/перенести,Нет,
Лечение наркомании,Лечение наркомании в стационаре,/uslugi/lechenie-narkomanii/v-stacionare/,/uslugi/lechenie-narkomanii/,P0,Сделать/перенести,Нет,
Лечение наркомании,Лечение наркомании на дому,/uslugi/lechenie-narkomanii/na-domu/,/uslugi/lechenie-narkomanii/,P1,Сделать/перенести,Нет массового ГЕО,
Лечение наркомании,Амбулаторное лечение наркомании,/uslugi/lechenie-narkomanii/ambulatorno/,/uslugi/lechenie-narkomanii/,P1,Сделать/перенести,Нет,
Лечение наркомании,Медикаментозное лечение наркомании,/uslugi/lechenie-narkomanii/medikamentoznoe/,/uslugi/lechenie-narkomanii/,P1,Сделать/перенести,Нет,
Лечение наркомании,Детоксикация от наркотиков,/uslugi/lechenie-narkomanii/detoksikaciya/,/uslugi/lechenie-narkomanii/,P0,Сделать/перенести,Нет,
Лечение наркомании,УБОД,/uslugi/lechenie-narkomanii/detoksikaciya/ubod/,/uslugi/lechenie-narkomanii/detoksikaciya/,P0,Сделать/перенести,Нет,Только если реально оказывается и есть соответствующие условия/специалисты.
Лечение наркомании,Капельница при наркотической интоксикации,/uslugi/lechenie-narkomanii/detoksikaciya/kapelnica/,/uslugi/lechenie-narkomanii/detoksikaciya/,P1,Сделать/перенести,Нет,
Лечение наркомании,Лечение наркомании — Московская область,/uslugi/lechenie-narkomanii/moskovskaya-oblast/,/uslugi/lechenie-narkomanii/,P1,Сделать/перенести,30 крупнейших городов МО; без метро,Индексируемый GEO-хаб Московской области. Технический каталог области убран из URL. Это родитель городских страниц.
Лечение наркомании,Лечение героиновой зависимости,/uslugi/lechenie-narkomanii/geroin/,/uslugi/lechenie-narkomanii/,P0,Сделать/перенести,Нет,Без ГЕО. Отдельный URL только под самостоятельный кластер вещества.
Лечение наркомании,Лечение метадоновой зависимости,/uslugi/lechenie-narkomanii/metadon/,/uslugi/lechenie-narkomanii/,P0,Сделать/перенести,Нет,Без ГЕО. Отдельный URL только под самостоятельный кластер вещества.
Лечение наркомании,Лечение мефедроновой зависимости,/uslugi/lechenie-narkomanii/mefedron/,/uslugi/lechenie-narkomanii/,P0,Сделать/перенести,Нет,Без ГЕО. Отдельный URL только под самостоятельный кластер вещества.
Лечение наркомании,Лечение кокаиновой зависимости,/uslugi/lechenie-narkomanii/kokain/,/uslugi/lechenie-narkomanii/,P0,Сделать/перенести,Нет,Без ГЕО. Отдельный URL только под самостоятельный кластер вещества.
Лечение наркомании,Лечение амфетаминовой зависимости,/uslugi/lechenie-narkomanii/amfetamin/,/uslugi/lechenie-narkomanii/,P0,Сделать/перенести,Нет,Без ГЕО. Отдельный URL только под самостоятельный кластер вещества.
Лечение наркомании,Лечение метамфетаминовой зависимости,/uslugi/lechenie-narkomanii/metamfetamin/,/uslugi/lechenie-narkomanii/,P1,Сделать/перенести,Нет,Без ГЕО. Отдельный URL только под самостоятельный кластер вещества.
Лечение наркомании,Лечение зависимости от спайса,/uslugi/lechenie-narkomanii/spajs/,/uslugi/lechenie-narkomanii/,P0,Сделать/перенести,Нет,Без ГЕО. Отдельный URL только под самостоятельный кластер вещества.
Лечение наркомании,Лечение зависимости от гашиша,/uslugi/lechenie-narkomanii/gashish/,/uslugi/lechenie-narkomanii/,P0,Сделать/перенести,Нет,Без ГЕО. Отдельный URL только под самостоятельный кластер вещества.
Лечение наркомании,Лечение зависимости от марихуаны,/uslugi/lechenie-narkomanii/marihuana/,/uslugi/lechenie-narkomanii/,P0,Сделать/перенести,Нет,Без ГЕО. Отдельный URL только под самостоятельный кластер вещества.
Лечение наркомании,Лечение зависимости от солей,/uslugi/lechenie-narkomanii/soli/,/uslugi/lechenie-narkomanii/,P0,Сделать/перенести,Нет,Без ГЕО. Отдельный URL только под самостоятельный кластер вещества.
Лечение наркомании,Лечение зависимости от Альфа-PVP,/uslugi/lechenie-narkomanii/alfa-pvp/,/uslugi/lechenie-narkomanii/,P1,Сделать/перенести,Нет,Без ГЕО. Отдельный URL только под самостоятельный кластер вещества.
Лечение наркомании,Лечение зависимости от бутирата,/uslugi/lechenie-narkomanii/butirat/,/uslugi/lechenie-narkomanii/,P1,Сделать/перенести,Нет,Без ГЕО. Отдельный URL только под самостоятельный кластер вещества.
Другие зависимости,Другие зависимости,/uslugi/drugie-zavisimosti/,/uslugi/,P1,Сделать/перенести,Нет,
Другие зависимости,Игромания / лудомания,/uslugi/drugie-zavisimosti/igromaniya/,/uslugi/drugie-zavisimosti/,P0,Сделать/перенести,Нет,
Другие зависимости,Зависимость от ставок,/uslugi/drugie-zavisimosti/stavki/,/uslugi/drugie-zavisimosti/,P1,Сделать/перенести,Нет,
Другие зависимости,Компьютерная зависимость,/uslugi/drugie-zavisimosti/kompyuternaya/,/uslugi/drugie-zavisimosti/,P1,Сделать/перенести,Нет,
Другие зависимости,Интернет-зависимость,/uslugi/drugie-zavisimosti/internet/,/uslugi/drugie-zavisimosti/,P1,Сделать/перенести,Нет,
Другие зависимости,Никотиновая зависимость,/uslugi/drugie-zavisimosti/nikotinovaya/,/uslugi/drugie-zavisimosti/,P1,Сделать/перенести,Нет,
Другие зависимости,Токсикомания,/uslugi/drugie-zavisimosti/toksikomaniya/,/uslugi/drugie-zavisimosti/,P0,Сделать/перенести,Нет,
Другие зависимости,Лекарственная зависимость,/uslugi/drugie-zavisimosti/lekarstvennaya/,/uslugi/drugie-zavisimosti/,P0,Сделать/перенести,Нет,
Другие зависимости,Прегабалин / Лирика,/uslugi/drugie-zavisimosti/lekarstvennaya/pregabalin/,/uslugi/drugie-zavisimosti/lekarstvennaya/,P0,Сделать/перенести,Нет,Формулировку «зависимость» использовать только после медицинской проверки конкретного вещества/сценария.
Другие зависимости,Бензодиазепины,/uslugi/drugie-zavisimosti/lekarstvennaya/benzodiazepiny/,/uslugi/drugie-zavisimosti/lekarstvennaya/,P1,Сделать/перенести,Нет,Формулировку «зависимость» использовать только после медицинской проверки конкретного вещества/сценария.
Другие зависимости,Феназепам,/uslugi/drugie-zavisimosti/lekarstvennaya/fenazepam/,/uslugi/drugie-zavisimosti/lekarstvennaya/,P1,Сделать/перенести,Нет,Формулировку «зависимость» использовать только после медицинской проверки конкретного вещества/сценария.
Другие зависимости,Трамадол,/uslugi/drugie-zavisimosti/lekarstvennaya/tramadol/,/uslugi/drugie-zavisimosti/lekarstvennaya/,P1,Сделать/перенести,Нет,Формулировку «зависимость» использовать только после медицинской проверки конкретного вещества/сценария.
Другие зависимости,Кодеин,/uslugi/drugie-zavisimosti/lekarstvennaya/kodein/,/uslugi/drugie-zavisimosti/lekarstvennaya/,P1,Сделать/перенести,Нет,Формулировку «зависимость» использовать только после медицинской проверки конкретного вещества/сценария.
Другие зависимости,Габапентин,/uslugi/drugie-zavisimosti/lekarstvennaya/gabapentin/,/uslugi/drugie-zavisimosti/lekarstvennaya/,P2,Сделать/перенести,Нет,Формулировку «зависимость» использовать только после медицинской проверки конкретного вещества/сценария.
Другие зависимости,Антидепрессанты: сопровождение отмены,/uslugi/drugie-zavisimosti/lekarstvennaya/antidepressanty/,/uslugi/drugie-zavisimosti/lekarstvennaya/,P1,Сделать/перенести,Нет,Формулировку «зависимость» использовать только после медицинской проверки конкретного вещества/сценария.
Реабилитация,Реабилитация зависимых,/uslugi/reabilitaciya/,/uslugi/,P0,Сделать/перенести,Нет,
Реабилитация,Реабилитация при алкоголизме,/uslugi/reabilitaciya/alkogolizm/,/uslugi/reabilitaciya/,P0,Сделать/перенести,Нет,
Реабилитация,Реабилитация при наркомании,/uslugi/reabilitaciya/narkomaniya/,/uslugi/reabilitaciya/,P0,Сделать/перенести,Нет,
Реабилитация,Реабилитация при игромании,/uslugi/reabilitaciya/igromaniya/,/uslugi/reabilitaciya/,P1,Сделать/перенести,Нет,
Реабилитация,Программа «12 шагов»,/uslugi/reabilitaciya/12-shagov/,/uslugi/reabilitaciya/,P0,Сделать/перенести,Нет,
Реабилитация,Ресоциализация,/uslugi/reabilitaciya/resocializaciya/,/uslugi/reabilitaciya/,P1,Сделать/перенести,Нет,
Реабилитация,Реабилитация — Московская область,/uslugi/reabilitaciya/moskovskaya-oblast/,/uslugi/reabilitaciya/,P1,Сделать/перенести,30 крупнейших городов МО; только при реальном маршруте/трансфере,Индексируемый GEO-хаб Московской области. Технический каталог области убран из URL. Это родитель городских страниц.
Психиатрия,Психиатрическая помощь,/uslugi/psihiatriya/,/uslugi/,P0,Сделать/перенести,Нет,
Психиатрия,Консультация психиатра,/uslugi/psihiatriya/konsultaciya/,/uslugi/psihiatriya/,P0,Сделать/перенести,Нет,
Психиатрия,Психиатр на дом,/uslugi/psihiatriya/psihiatr-na-dom/,/uslugi/psihiatriya/,P0,Сделать/перенести,Округа + 50 городов МО; метро не запускать на первом этапе,Эта страница — родитель округов Москвы. Отдельная страница Москвы не создаётся. Города Московской области стоят под moskovskaya-oblast.
Психиатрия,Психиатр на дом — Московская область,/uslugi/psihiatriya/psihiatr-na-dom/moskovskaya-oblast/,/uslugi/psihiatriya/psihiatr-na-dom/,P0,Сделать/перенести,Хаб ГЕО: Московская область,Индексируемый GEO-хаб. Родитель городов Московской области. Станции метро и округа Москвы сюда не входят.
Психиатрия,Онлайн-консультация психиатра,/uslugi/psihiatriya/onlajn/,/uslugi/psihiatriya/,P1,Сделать/перенести,Нет,
Психиатрия,Психиатрический стационар,/uslugi/psihiatriya/stacionar/,/uslugi/psihiatriya/,P1,Сделать/перенести,Нет,
Психиатрия,Тревожные и стрессовые расстройства,/uslugi/psihiatriya/trevozhnye-i-stressovye-rasstrojstva/,/uslugi/psihiatriya/,P0,Сделать/перенести,Нет,
Психиатрия,Паническое расстройство и панические атаки,/uslugi/psihiatriya/trevozhnye-i-stressovye-rasstrojstva/panicheskoe/,/uslugi/psihiatriya/trevozhnye-i-stressovye-rasstrojstva/,P0,Сделать/перенести,Нет,
Психиатрия,ОКР,/uslugi/psihiatriya/trevozhnye-i-stressovye-rasstrojstva/okr/,/uslugi/psihiatriya/trevozhnye-i-stressovye-rasstrojstva/,P0,Сделать/перенести,Нет,
Психиатрия,ПТСР,/uslugi/psihiatriya/trevozhnye-i-stressovye-rasstrojstva/ptsr/,/uslugi/psihiatriya/trevozhnye-i-stressovye-rasstrojstva/,P0,Сделать/перенести,Нет,
Психиатрия,Фобии,/uslugi/psihiatriya/trevozhnye-i-stressovye-rasstrojstva/fobii/,/uslugi/psihiatriya/trevozhnye-i-stressovye-rasstrojstva/,P0,Сделать/перенести,Нет,
Психиатрия,Генерализованное тревожное расстройство,/uslugi/psihiatriya/trevozhnye-i-stressovye-rasstrojstva/generalizovannoe-trevozhnoe/,/uslugi/psihiatriya/trevozhnye-i-stressovye-rasstrojstva/,P1,Сделать/перенести,Нет,
Психиатрия,Социофобия,/uslugi/psihiatriya/trevozhnye-i-stressovye-rasstrojstva/sociofobiya/,/uslugi/psihiatriya/trevozhnye-i-stressovye-rasstrojstva/,P1,Сделать/перенести,Нет,
Психиатрия,Агорафобия,/uslugi/psihiatriya/trevozhnye-i-stressovye-rasstrojstva/agorafobiya/,/uslugi/psihiatriya/trevozhnye-i-stressovye-rasstrojstva/,P1,Сделать/перенести,Нет,
Психиатрия,Неврозы,/uslugi/psihiatriya/trevozhnye-i-stressovye-rasstrojstva/nevroz/,/uslugi/psihiatriya/trevozhnye-i-stressovye-rasstrojstva/,P1,Сделать/перенести,Нет,
Психиатрия,Расстройства настроения,/uslugi/psihiatriya/rasstrojstva-nastroeniya/,/uslugi/psihiatriya/,P0,Сделать/перенести,Нет,
Психиатрия,Депрессия,/uslugi/psihiatriya/rasstrojstva-nastroeniya/depressiya/,/uslugi/psihiatriya/rasstrojstva-nastroeniya/,P0,Сделать/перенести,Нет,
Психиатрия,Биполярное расстройство,/uslugi/psihiatriya/rasstrojstva-nastroeniya/bipolyarnoe/,/uslugi/psihiatriya/rasstrojstva-nastroeniya/,P0,Сделать/перенести,Нет,
Психиатрия,Послеродовая депрессия,/uslugi/psihiatriya/rasstrojstva-nastroeniya/poslerodovaya-depressiya/,/uslugi/psihiatriya/rasstrojstva-nastroeniya/,P1,Сделать/перенести,Нет,
Психиатрия,Дистимия,/uslugi/psihiatriya/rasstrojstva-nastroeniya/distimiya/,/uslugi/psihiatriya/rasstrojstva-nastroeniya/,P1,Сделать/перенести,Нет,
Психиатрия,Психотические расстройства,/uslugi/psihiatriya/psihoticheskie-rasstrojstva/,/uslugi/psihiatriya/,P0,Сделать/перенести,Нет,
Психиатрия,Шизофрения,/uslugi/psihiatriya/psihoticheskie-rasstrojstva/shizofreniya/,/uslugi/psihiatriya/psihoticheskie-rasstrojstva/,P0,Сделать/перенести,Нет,
Психиатрия,Шизоаффективное расстройство,/uslugi/psihiatriya/psihoticheskie-rasstrojstva/shizoaffektivnoe/,/uslugi/psihiatriya/psihoticheskie-rasstrojstva/,P1,Сделать/перенести,Нет,
Психиатрия,Шизотипическое расстройство,/uslugi/psihiatriya/psihoticheskie-rasstrojstva/shizotipicheskoe/,/uslugi/psihiatriya/psihoticheskie-rasstrojstva/,P1,Сделать/перенести,Нет,
Психиатрия,Психоз,/uslugi/psihiatriya/psihoticheskie-rasstrojstva/psihoz/,/uslugi/psihiatriya/psihoticheskie-rasstrojstva/,P0,Сделать/перенести,Нет,
Психиатрия,Бредовое расстройство,/uslugi/psihiatriya/psihoticheskie-rasstrojstva/bredovoe/,/uslugi/psihiatriya/psihoticheskie-rasstrojstva/,P1,Сделать/перенести,Нет,
Психиатрия,Расстройства личности и поведения,/uslugi/psihiatriya/rasstrojstva-lichnosti-i-povedeniya/,/uslugi/psihiatriya/,P1,Сделать/перенести,Нет,
Психиатрия,Пограничное расстройство личности,/uslugi/psihiatriya/rasstrojstva-lichnosti-i-povedeniya/pogranichnoe/,/uslugi/psihiatriya/rasstrojstva-lichnosti-i-povedeniya/,P1,Сделать/перенести,Нет,
Психиатрия,Нарциссическое расстройство личности,/uslugi/psihiatriya/rasstrojstva-lichnosti-i-povedeniya/narcissicheskoe/,/uslugi/psihiatriya/rasstrojstva-lichnosti-i-povedeniya/,P1,Сделать/перенести,Нет,
Психиатрия,Шизоидное расстройство личности,/uslugi/psihiatriya/rasstrojstva-lichnosti-i-povedeniya/shizoidnoe/,/uslugi/psihiatriya/rasstrojstva-lichnosti-i-povedeniya/,P1,Сделать/перенести,Нет,
Психиатрия,Параноидное расстройство личности,/uslugi/psihiatriya/rasstrojstva-lichnosti-i-povedeniya/paranoidnoe/,/uslugi/psihiatriya/rasstrojstva-lichnosti-i-povedeniya/,P1,Сделать/перенести,Нет,
Психиатрия,Избегающее расстройство личности,/uslugi/psihiatriya/rasstrojstva-lichnosti-i-povedeniya/izbegayushchee/,/uslugi/psihiatriya/rasstrojstva-lichnosti-i-povedeniya/,P1,Сделать/перенести,Нет,
Психиатрия,Зависимое расстройство личности,/uslugi/psihiatriya/rasstrojstva-lichnosti-i-povedeniya/zavisimoe/,/uslugi/psihiatriya/rasstrojstva-lichnosti-i-povedeniya/,P1,Сделать/перенести,Нет,
Психиатрия,Расстройства пищевого поведения,/uslugi/psihiatriya/rasstrojstva-pishchevogo-povedeniya/,/uslugi/psihiatriya/,P1,Сделать/перенести,Нет,
Психиатрия,Нервная анорексия,/uslugi/psihiatriya/rasstrojstva-pishchevogo-povedeniya/anoreksiya/,/uslugi/psihiatriya/rasstrojstva-pishchevogo-povedeniya/,P0,Сделать/перенести,Нет,
Психиатрия,Нервная булимия,/uslugi/psihiatriya/rasstrojstva-pishchevogo-povedeniya/bulimiya/,/uslugi/psihiatriya/rasstrojstva-pishchevogo-povedeniya/,P0,Сделать/перенести,Нет,
Психиатрия,Компульсивное переедание,/uslugi/psihiatriya/rasstrojstva-pishchevogo-povedeniya/kompulsivnoe-pereedanie/,/uslugi/psihiatriya/rasstrojstva-pishchevogo-povedeniya/,P1,Сделать/перенести,Нет,
Психиатрия,Когнитивные и органические расстройства,/uslugi/psihiatriya/kognitivnye-i-organicheskie/,/uslugi/psihiatriya/,P1,Сделать/перенести,Нет,
Психиатрия,Деменция,/uslugi/psihiatriya/kognitivnye-i-organicheskie/demenciya/,/uslugi/psihiatriya/kognitivnye-i-organicheskie/,P0,Сделать/перенести,Нет,
Психиатрия,Болезнь Альцгеймера,/uslugi/psihiatriya/kognitivnye-i-organicheskie/alcgejmer/,/uslugi/psihiatriya/kognitivnye-i-organicheskie/,P1,Сделать/перенести,Нет,
Психиатрия,Сосудистая деменция,/uslugi/psihiatriya/kognitivnye-i-organicheskie/sosudistaya-demenciya/,/uslugi/psihiatriya/kognitivnye-i-organicheskie/,P1,Сделать/перенести,Нет,
Психиатрия,Расстройства сна,/uslugi/psihiatriya/rasstrojstva-sna/,/uslugi/psihiatriya/,P1,Сделать/перенести,Нет,
Психиатрия,Бессонница,/uslugi/psihiatriya/rasstrojstva-sna/bessonnica/,/uslugi/psihiatriya/rasstrojstva-sna/,P0,Сделать/перенести,Нет,
Психиатрия,Нарколепсия,/uslugi/psihiatriya/rasstrojstva-sna/narkolepsiya/,/uslugi/psihiatriya/rasstrojstva-sna/,P2,Сделать/перенести,Нет,
Психиатрия,Лунатизм,/uslugi/psihiatriya/rasstrojstva-sna/lunatizm/,/uslugi/psihiatriya/rasstrojstva-sna/,P2,Сделать/перенести,Нет,
Психотерапия и психология,Психотерапия и психология,/uslugi/psihoterapiya-i-psihologiya/,/uslugi/,P1,Сделать/перенести,Нет,
Психотерапия и психология,Консультация психотерапевта,/uslugi/psihoterapiya-i-psihologiya/psihoterapevt/,/uslugi/psihoterapiya-i-psihologiya/,P0,Сделать/перенести,Нет,
Психотерапия и психология,Индивидуальная психотерапия,/uslugi/psihoterapiya-i-psihologiya/individualnaya/,/uslugi/psihoterapiya-i-psihologiya/,P1,Сделать/перенести,Нет,
Психотерапия и психология,Семейная психотерапия,/uslugi/psihoterapiya-i-psihologiya/semejnaya/,/uslugi/psihoterapiya-i-psihologiya/,P1,Сделать/перенести,Нет,
Психотерапия и психология,Консультация психолога,/uslugi/psihoterapiya-i-psihologiya/psiholog/,/uslugi/psihoterapiya-i-psihologiya/,P0,Сделать/перенести,Нет,
Психотерапия и психология,Семейный психолог,/uslugi/psihoterapiya-i-psihologiya/semejnyj-psiholog/,/uslugi/psihoterapiya-i-psihologiya/,P1,Сделать/перенести,Нет,
Помощь родственникам,Помощь родственникам зависимого,/uslugi/pomoshch-rodstvennikam/,/uslugi/,P0,Сделать/перенести,Нет,
Помощь родственникам,Мотивация на лечение / интервенция,/uslugi/pomoshch-rodstvennikam/motivaciya-na-lechenie/,/uslugi/pomoshch-rodstvennikam/,P0,Сделать/перенести,Нет,
Помощь родственникам,Помощь при созависимости,/uslugi/pomoshch-rodstvennikam/sozavisimost/,/uslugi/pomoshch-rodstvennikam/,P0,Сделать/перенести,Нет,
Помощь родственникам,Консультация родственника без пациента,/uslugi/pomoshch-rodstvennikam/konsultaciya-bez-pacienta/,/uslugi/pomoshch-rodstvennikam/,P1,Сделать/перенести,Нет,
Помощь родственникам,Бесплатная группа для созависимых,/uslugi/pomoshch-rodstvennikam/gruppa-sozavisimyh/,/uslugi/pomoshch-rodstvennikam/,P1,Сделать/перенести,Нет,
Диагностика,Диагностика,/uslugi/diagnostika/,/uslugi/,P1,Сделать/перенести,Нет,
Диагностика,Анализы на наркотики,/uslugi/diagnostika/analizy-na-narkotiki/,/uslugi/diagnostika/,P0,Сделать/перенести,Нет,
Восстановительная терапия,Восстановительная терапия,/uslugi/vosstanovitelnaya-terapiya/,/uslugi/,P2,После подтверждения оборудования/лицензии,Нет,
Восстановительная терапия,ВЛОК,/uslugi/vosstanovitelnaya-terapiya/vlok/,/uslugi/vosstanovitelnaya-terapiya/,P2,После подтверждения оборудования/лицензии,Нет,
Восстановительная терапия,Плазмаферез,/uslugi/vosstanovitelnaya-terapiya/plazmaferez/,/uslugi/vosstanovitelnaya-terapiya/,P2,После подтверждения оборудования/лицензии,Нет,
Восстановительная терапия,Барокамера / ГБО,/uslugi/vosstanovitelnaya-terapiya/barokamera/,/uslugi/vosstanovitelnaya-terapiya/,P2,После подтверждения оборудования/лицензии,Нет,
Восстановительная терапия,Озонотерапия,/uslugi/vosstanovitelnaya-terapiya/ozonoterapiya/,/uslugi/vosstanovitelnaya-terapiya/,P2,После подтверждения оборудования/лицензии,Нет,
Восстановительная терапия,Электросон,/uslugi/vosstanovitelnaya-terapiya/elektroson/,/uslugi/vosstanovitelnaya-terapiya/,P2,После подтверждения оборудования/лицензии,Нет,
Восстановительная терапия,Иглорефлексотерапия,/uslugi/vosstanovitelnaya-terapiya/iglorefleksoterapiya/,/uslugi/vosstanovitelnaya-terapiya/,P2,После подтверждения оборудования/лицензии,Нет,
Trust / выбор,Как проверить наркологическую клинику,/o-klinike/kak-proverit-kliniku/,/,P0,Сделать/перенести,Нет,"Это не «статья ради НЧ», а страница выбора/доверия; отдельный URL оставлять только если семантика и SERP подтверждают самостоятельную задачу."
Trust / выбор,Лицензия и документы,/o-klinike/licenziya-i-dokumenty/,/,P0,Сделать/перенести,Нет,"Это не «статья ради НЧ», а страница выбора/доверия; отдельный URL оставлять только если семантика и SERP подтверждают самостоятельную задачу."
Trust / выбор,Специалисты,/vrachi/,/,P0,Сделать/перенести,Нет,"Это не «статья ради НЧ», а страница выбора/доверия; отдельный URL оставлять только если семантика и SERP подтверждают самостоятельную задачу."
Trust / выбор,Цены и что входит в стоимость,/ceny/,/,P0,Сделать/перенести,Нет,"Это не «статья ради НЧ», а страница выбора/доверия; отдельный URL оставлять только если семантика и SERP подтверждают самостоятельную задачу."
Trust / выбор,Что делать после вывода из запоя,/pomoshch/posle-vyvoda-iz-zapoya/,/,P1,Сделать/перенести,Нет,"Это не «статья ради НЧ», а страница выбора/доверия; отдельный URL оставлять только если семантика и SERP подтверждают самостоятельную задачу."
Trust / выбор,Повторный запой,/pomoshch/povtornyj-zapoj/,/,P1,Сделать/перенести,Нет,"Это не «статья ради НЧ», а страница выбора/доверия; отдельный URL оставлять только если семантика и SERP подтверждают самостоятельную задачу."
Trust / выбор,Срыв после кодирования,/pomoshch/sryv-posle-kodirovaniya/,/,P1,Сделать/перенести,Нет,"Это не «статья ради НЧ», а страница выбора/доверия; отдельный URL оставлять только если семантика и SERP подтверждают самостоятельную задачу."
Trust / выбор,Если близкий не хочет лечиться,/pomoshch/esli-ne-hochet-lechitsya/,/,P0,Сделать/перенести,Нет,"Это не «статья ради НЧ», а страница выбора/доверия; отдельный URL оставлять только если семантика и SERP подтверждают самостоятельную задачу."
Trust / выбор,Дом или стационар,/pomoshch/dom-ili-stacionar/,/,P1,Сделать/перенести,Нет,"Это не «статья ради НЧ», а страница выбора/доверия; отдельный URL оставлять только если семантика и SERP подтверждают самостоятельную задачу."
Trust / выбор,Кто приезжает на вызов,/pomoshch/kto-priezzhaet-na-vyzov/,/,P0,Сделать/перенести,Нет,"Это не «статья ради НЧ», а страница выбора/доверия; отдельный URL оставлять только если семантика и SERP подтверждают самостоятельную задачу."
Trust / выбор,Наркологический учёт / диспансерное наблюдение,/pomoshch/dispanzernoe-nablyudenie/,/,P1,Сделать/перенести,Нет,"Это не «статья ради НЧ», а страница выбора/доверия; отдельный URL оставлять только если семантика и SERP подтверждают самостоятельную задачу."
